rank,file,t_sec,score,U,A,D,n_boxes,n_ambiguous,empty,selected
1,frame_0126.jpg,50.4,0.8247,0.8354,0.85,0.76,26,17,False,True
2,frame_0127.jpg,50.8,0.8094,0.8488,0.75,0.8,27,15,False,False
3,frame_0130.jpg,52.0,0.8009,0.9338,0.5,0.92,22,10,False,False
4,frame_0120.jpg,48.0,0.7893,0.9506,0.7,0.52,25,14,False,True
5,frame_0090.jpg,36.0,0.7851,0.9463,0.8,0.36,29,16,False,True
6,frame_0129.jpg,51.6,0.7776,0.8731,0.55,0.88,24,11,False,False
7,frame_0125.jpg,50.0,0.7773,0.9367,0.55,0.72,25,11,False,False
8,frame_0128.jpg,51.2,0.7772,0.7984,0.7,0.84,27,14,False,False
9,frame_0131.jpg,52.4,0.7739,0.8638,0.5,0.96,21,10,False,True
10,frame_0119.jpg,47.6,0.7684,0.9549,0.65,0.48,25,13,False,False
11,frame_0116.jpg,46.4,0.7672,0.9105,0.8,0.36,25,16,False,False
12,frame_0132.jpg,52.8,0.7668,0.8336,0.5,1.0,22,10,False,False
13,frame_0123.jpg,49.2,0.7635,0.8809,0.65,0.64,23,13,False,False
14,frame_0388.jpg,155.2,0.7593,0.9447,0.85,0.16,31,17,False,True
15,frame_0133.jpg,53.2,0.7577,0.7854,0.55,1.0,24,11,False,False
16,frame_0092.jpg,36.8,0.7541,0.9161,0.8,0.28,26,16,False,False
17,frame_0124.jpg,49.6,0.7525,0.933,0.5,0.68,23,10,False,False
18,frame_0371.jpg,148.4,0.75,0.8979,0.95,0.08,39,19,False,True
19,frame_0329.jpg,131.6,0.7487,0.9253,0.9,0.08,35,18,False,True
20,frame_0086.jpg,34.4,0.7428,0.8277,0.75,0.52,20,15,False,False
21,frame_0330.jpg,132.0,0.7427,0.8994,0.95,0.04,37,19,False,False
22,frame_0087.jpg,34.8,0.7405,0.8691,0.7,0.48,23,14,False,False
23,frame_0372.jpg,148.8,0.7398,0.8915,0.9,0.12,40,18,False,False
24,frame_0370.jpg,148.0,0.739,0.952,0.85,0.04,36,17,False,False
25,frame_0121.jpg,48.4,0.7366,0.8892,0.6,0.56,26,12,False,False
26,frame_0373.jpg,149.2,0.7349,0.8957,0.85,0.16,36,17,False,False
27,frame_0384.jpg,153.6,0.7337,0.8933,0.85,0.16,34,17,False,False
28,frame_0185.jpg,74.0,0.7336,0.8352,1.0,0.08,30,20,False,True
29,frame_0174.jpg,69.6,0.7284,0.9088,0.7,0.32,25,14,False,True
30,frame_0368.jpg,147.2,0.7241,0.9522,0.8,0.04,37,16,False,False
31,frame_0172.jpg,68.8,0.7221,0.8942,0.65,0.4,24,13,False,False
32,frame_0117.jpg,46.8,0.7198,0.8296,0.75,0.4,24,15,False,False
33,frame_0167.jpg,66.8,0.7178,0.8956,0.5,0.6,26,10,False,True
34,frame_0118.jpg,47.2,0.7175,0.839,0.7,0.44,24,14,False,False
35,frame_0325.jpg,130.0,0.7161,0.9662,0.75,0.04,32,15,False,False
36,frame_0219.jpg,87.6,0.712,0.906,0.65,0.32,22,13,False,True
37,frame_0233.jpg,93.2,0.7118,0.8476,0.8,0.24,34,16,False,True
38,frame_0230.jpg,92.0,0.7115,0.9249,0.75,0.12,32,15,False,False
39,frame_0085.jpg,34.0,0.7105,0.929,0.5,0.48,21,10,False,False
40,frame_0269.jpg,107.6,0.708,0.86,0.9,0.04,27,18,False,False
41,frame_0180.jpg,72.0,0.7039,0.9558,0.7,0.08,31,14,False,False
42,frame_0221.jpg,88.4,0.702,0.918,0.65,0.24,23,13,False,False
43,frame_0374.jpg,149.6,0.702,0.83,0.85,0.16,33,17,False,False
44,frame_0231.jpg,92.4,0.7007,0.8874,0.75,0.16,27,15,False,False
45,frame_0394.jpg,157.6,0.6996,0.9471,0.7,0.08,26,14,False,False
46,frame_0302.jpg,120.8,0.6989,0.9078,0.55,0.4,21,11,False,False
47,frame_0178.jpg,71.2,0.6954,0.9368,0.65,0.16,24,13,False,False
48,frame_0094.jpg,37.6,0.6909,0.8818,0.7,0.2,23,14,False,False
49,frame_0169.jpg,67.6,0.6901,0.9022,0.45,0.52,29,9,False,False
50,frame_0032.jpg,12.8,0.6894,0.9428,0.7,0.04,26,14,False,False
51,frame_0377.jpg,150.8,0.6888,0.9116,0.75,0.04,28,15,False,False
52,frame_0091.jpg,36.4,0.6868,0.7957,0.75,0.32,25,15,False,False
53,frame_0122.jpg,48.8,0.6863,0.8325,0.5,0.6,25,10,False,False
54,frame_0177.jpg,70.8,0.6846,0.8992,0.65,0.2,28,13,False,False
55,frame_0323.jpg,129.2,0.684,0.9299,0.65,0.12,32,13,False,False
56,frame_0111.jpg,44.4,0.6837,0.9434,0.6,0.16,26,12,False,False
57,frame_0110.jpg,44.0,0.6833,0.9585,0.6,0.12,26,12,False,False
58,frame_0395.jpg,158.0,0.6826,0.8972,0.7,0.12,26,14,False,False
59,frame_0084.jpg,33.6,0.6825,0.8891,0.5,0.44,21,10,False,False
60,frame_0089.jpg,35.6,0.6813,0.9027,0.5,0.4,25,10,False,False
61,frame_0324.jpg,129.6,0.6797,0.9075,0.7,0.08,27,14,False,False
62,frame_0102.jpg,40.8,0.6787,0.9494,0.6,0.12,25,12,False,False
63,frame_0095.jpg,38.0,0.6786,0.8732,0.7,0.16,24,14,False,False
64,frame_0168.jpg,67.2,0.6786,0.9233,0.35,0.56,25,7,False,False
65,frame_0218.jpg,87.2,0.6784,0.8827,0.55,0.36,25,11,False,False
66,frame_0379.jpg,151.6,0.678,0.8899,0.75,0.04,35,15,False,False
67,frame_0222.jpg,88.8,0.6765,0.8831,0.65,0.2,20,13,False,False
68,frame_0093.jpg,37.2,0.6752,0.8344,0.7,0.24,23,14,False,False
69,frame_0332.jpg,132.8,0.6751,0.9141,0.7,0.04,30,14,False,False
70,frame_0375.jpg,150.0,0.6747,0.8214,0.8,0.12,33,16,False,False
71,frame_0273.jpg,109.2,0.6744,0.9407,0.6,0.12,27,12,False,False
72,frame_0088.jpg,35.2,0.6739,0.7818,0.65,0.44,22,13,False,False
73,frame_0220.jpg,88.0,0.6731,0.8141,0.7,0.28,25,14,False,False
74,frame_0069.jpg,27.6,0.671,0.89,0.7,0.08,24,14,False,False
75,frame_0298.jpg,119.2,0.6694,0.9268,0.5,0.28,19,10,False,False
76,frame_0271.jpg,108.4,0.6693,0.9025,0.7,0.04,27,14,False,False
77,frame_0190.jpg,76.0,0.6685,0.929,0.6,0.12,22,12,False,False
78,frame_0170.jpg,68.0,0.6661,0.9003,0.4,0.48,29,8,False,False
79,frame_0275.jpg,110.0,0.6651,0.9542,0.6,0.04,28,12,False,False
80,frame_0333.jpg,133.2,0.665,0.9079,0.65,0.08,31,13,False,False
81,frame_0226.jpg,90.4,0.6649,0.9238,0.65,0.04,23,13,False,False
82,frame_0112.jpg,44.8,0.664,0.888,0.6,0.2,24,12,False,False
83,frame_0385.jpg,154.0,0.6634,0.7368,0.85,0.2,29,17,False,False
84,frame_0096.jpg,38.4,0.6631,0.9182,0.6,0.12,25,12,False,False
85,frame_0314.jpg,125.6,0.6623,0.8727,0.7,0.08,23,14,False,False
86,frame_0171.jpg,68.4,0.6622,0.8484,0.5,0.44,27,10,False,False
87,frame_0390.jpg,156.0,0.6612,0.9304,0.6,0.08,32,12,False,False
88,frame_0393.jpg,157.2,0.6611,0.8563,0.75,0.04,28,15,False,False
89,frame_0328.jpg,131.2,0.6602,0.8984,0.65,0.08,36,13,False,False
90,frame_0081.jpg,32.4,0.6598,0.9516,0.4,0.32,19,8,False,False
91,frame_0274.jpg,109.6,0.6596,0.9271,0.6,0.08,28,12,False,False
92,frame_0387.jpg,154.8,0.6596,0.9092,0.55,0.2,31,11,False,False
93,frame_0079.jpg,31.6,0.6593,0.9227,0.5,0.24,23,10,False,False
94,frame_0083.jpg,33.2,0.6585,0.9171,0.4,0.4,22,8,False,False
95,frame_0097.jpg,38.8,0.6561,0.8902,0.65,0.08,25,13,False,False
96,frame_0327.jpg,130.8,0.6561,0.8462,0.75,0.04,31,15,False,False
97,frame_0068.jpg,27.2,0.6544,0.8729,0.7,0.04,28,14,False,False
98,frame_0391.jpg,156.4,0.6531,0.8701,0.7,0.04,28,14,False,False
99,frame_0308.jpg,123.2,0.6525,0.851,0.65,0.16,24,13,False,False
100,frame_0109.jpg,43.6,0.6522,0.9123,0.6,0.08,28,12,False,False
101,frame_0183.jpg,73.2,0.6519,0.8678,0.7,0.04,24,14,False,False
102,frame_0289.jpg,115.6,0.6501,0.8782,0.65,0.08,19,13,False,False
103,frame_0301.jpg,120.4,0.6471,0.8641,0.45,0.4,21,9,False,False
104,frame_0398.jpg,159.2,0.6457,0.8653,0.55,0.24,27,11,False,False
105,frame_0232.jpg,92.8,0.6419,0.8137,0.65,0.2,31,13,False,False
106,frame_0300.jpg,120.0,0.6405,0.957,0.3,0.36,18,6,False,False
107,frame_0175.jpg,70.0,0.6347,0.8874,0.45,0.28,25,9,False,False
108,frame_0268.jpg,107.2,0.6347,0.9074,0.55,0.08,25,11,False,False
109,frame_0223.jpg,89.2,0.6341,0.9341,0.45,0.16,22,9,False,False
110,frame_0113.jpg,45.2,0.6337,0.8713,0.5,0.24,22,10,False,False
111,frame_0070.jpg,28.0,0.6336,0.9191,0.5,0.12,26,10,False,False
112,frame_0078.jpg,31.2,0.6335,0.8869,0.5,0.2,22,10,False,False
113,frame_0280.jpg,112.0,0.6335,0.813,0.65,0.16,23,13,False,False
114,frame_0179.jpg,71.6,0.6332,0.8283,0.65,0.12,27,13,False,False
115,frame_0216.jpg,86.4,0.6325,0.913,0.4,0.28,20,8,False,False
116,frame_0381.jpg,152.4,0.6323,0.8586,0.65,0.04,27,13,False,False
117,frame_0176.jpg,70.4,0.6301,0.8943,0.45,0.24,27,9,False,False
118,frame_0310.jpg,124.0,0.629,0.896,0.55,0.08,25,11,False,False
119,frame_0318.jpg,127.2,0.6287,0.8614,0.5,0.24,28,10,False,False
120,frame_0098.jpg,39.2,0.6283,0.8506,0.65,0.04,23,13,False,False
121,frame_0320.jpg,128.0,0.6273,0.8586,0.5,0.24,30,10,False,False
122,frame_0071.jpg,28.4,0.6271,0.9223,0.5,0.08,22,10,False,False
123,frame_0181.jpg,72.4,0.6267,0.9074,0.55,0.04,25,11,False,False
124,frame_0009.jpg,3.6,0.6261,0.8682,0.4,0.36,16,8,False,False
125,frame_0295.jpg,118.0,0.6261,0.8582,0.55,0.16,22,11,False,False
126,frame_0104.jpg,41.6,0.6258,0.9036,0.5,0.12,25,10,False,False
127,frame_0283.jpg,113.2,0.6247,0.9034,0.55,0.04,19,11,False,False
128,frame_0217.jpg,86.8,0.6235,0.9389,0.3,0.32,20,6,False,False
129,frame_0313.jpg,125.2,0.623,0.84,0.65,0.04,23,13,False,False
130,frame_0103.jpg,41.2,0.6227,0.8214,0.6,0.16,24,12,False,False
131,frame_0101.jpg,40.4,0.6223,0.8226,0.65,0.08,25,13,False,False
132,frame_0080.jpg,32.0,0.6214,0.8907,0.4,0.28,21,8,False,False
133,frame_0307.jpg,122.8,0.6214,0.9528,0.35,0.2,21,7,False,False
134,frame_0008.jpg,3.2,0.6199,0.8118,0.5,0.32,17,10,False,False
135,frame_0272.jpg,108.8,0.6197,0.8774,0.55,0.08,28,11,False,False
136,frame_0383.jpg,153.2,0.6196,0.8912,0.5,0.12,32,10,False,False
137,frame_0229.jpg,91.6,0.6182,0.7845,0.7,0.08,32,14,False,False
138,frame_0082.jpg,32.8,0.6177,0.8814,0.35,0.36,19,7,False,False
139,frame_0228.jpg,91.2,0.6174,0.7688,0.75,0.04,30,15,False,False
140,frame_0027.jpg,10.8,0.6169,0.9319,0.45,0.08,18,9,False,False
141,frame_0100.jpg,40.0,0.6165,0.917,0.5,0.04,23,10,False,False
142,frame_0030.jpg,12.0,0.6162,0.9165,0.5,0.04,21,10,False,False
143,frame_0281.jpg,112.4,0.6159,0.8239,0.6,0.12,23,12,False,False
144,frame_0297.jpg,118.8,0.6157,0.8954,0.4,0.24,19,8,False,False
145,frame_0006.jpg,2.4,0.6154,0.8347,0.5,0.24,16,10,False,False
146,frame_0397.jpg,158.8,0.6153,0.8805,0.45,0.2,26,9,False,False
147,frame_0225.jpg,90.0,0.6114,0.8308,0.6,0.08,23,12,False,False
148,frame_0267.jpg,106.8,0.6113,0.8446,0.55,0.12,24,11,False,False
149,frame_0076.jpg,30.4,0.6106,0.9032,0.45,0.12,22,9,False,False
150,frame_0304.jpg,121.6,0.6101,0.8223,0.45,0.32,18,9,False,False
151,frame_0198.jpg,79.2,0.6099,0.7437,0.5,0.44,18,10,False,False
152,frame_0306.jpg,122.4,0.6093,0.8825,0.4,0.24,20,8,False,False
153,frame_0278.jpg,111.2,0.6089,0.8257,0.6,0.08,25,12,False,False
154,frame_0303.jpg,121.2,0.607,0.89,0.3,0.36,18,6,False,False
155,frame_0189.jpg,75.6,0.6058,0.7895,0.65,0.08,24,13,False,False
156,frame_0007.jpg,2.8,0.6046,0.8272,0.45,0.28,16,9,False,False
157,frame_0311.jpg,124.4,0.6043,0.9227,0.45,0.04,27,9,False,False
158,frame_0212.jpg,84.8,0.6039,0.7998,0.6,0.12,16,12,False,False
159,frame_0204.jpg,81.6,0.6029,0.8557,0.45,0.2,15,9,False,False
160,frame_0389.jpg,155.6,0.6029,0.7677,0.65,0.12,33,13,False,False
161,frame_0029.jpg,11.6,0.602,0.932,0.4,0.08,22,8,False,False
162,frame_0114.jpg,45.6,0.6012,0.8203,0.45,0.28,23,9,False,False
163,frame_0296.jpg,118.4,0.6,0.8801,0.4,0.2,20,8,False,False
164,frame_0396.jpg,158.4,0.5999,0.7758,0.6,0.16,26,12,False,False
165,frame_0319.jpg,127.6,0.5992,0.8764,0.35,0.28,30,7,False,False
166,frame_0011.jpg,4.4,0.5982,0.8884,0.3,0.32,15,6,False,False
167,frame_0206.jpg,82.4,0.5968,0.8457,0.5,0.12,15,10,False,False
168,frame_0173.jpg,69.2,0.5965,0.7789,0.45,0.36,25,9,False,False
169,frame_0299.jpg,119.6,0.5961,0.8242,0.4,0.32,22,8,False,False
170,frame_0282.jpg,112.8,0.5959,0.8599,0.5,0.08,20,10,False,False
171,frame_0010.jpg,4.0,0.592,0.8601,0.3,0.36,15,6,False,False
172,frame_0294.jpg,117.6,0.5919,0.8358,0.5,0.12,18,10,False,False
173,frame_0287.jpg,114.8,0.5915,0.8349,0.5,0.12,19,10,False,False
174,frame_0382.jpg,152.8,0.5911,0.8503,0.5,0.08,30,10,False,False
175,frame_0194.jpg,77.6,0.5897,0.7974,0.45,0.28,18,9,False,False
176,frame_0376.jpg,150.4,0.5891,0.7861,0.6,0.08,26,12,False,False
177,frame_0013.jpg,5.2,0.5878,0.8695,0.35,0.24,13,7,False,False
178,frame_0033.jpg,13.2,0.5878,0.9336,0.35,0.08,24,7,False,False
179,frame_0105.jpg,42.0,0.5861,0.8402,0.5,0.08,29,10,False,False
180,frame_0016.jpg,6.4,0.5853,0.9426,0.3,0.12,14,6,False,False
181,frame_0075.jpg,30.0,0.5847,0.8673,0.45,0.08,20,9,False,False
182,frame_0004.jpg,1.6,0.5843,0.7746,0.55,0.16,19,11,False,False
183,frame_0186.jpg,74.4,0.5835,0.7909,0.6,0.04,26,12,False,False
184,frame_0077.jpg,30.8,0.5821,0.7701,0.55,0.16,21,11,False,False
185,frame_0215.jpg,86.0,0.5821,0.8881,0.3,0.24,19,6,False,False
186,frame_0293.jpg,117.2,0.5812,0.8603,0.45,0.08,21,9,False,False
187,frame_0005.jpg,2.0,0.5808,0.8416,0.4,0.2,19,8,False,False
188,frame_0213.jpg,85.2,0.5807,0.8274,0.45,0.16,17,9,False,False
189,frame_0115.jpg,46.0,0.5806,0.7631,0.45,0.32,22,9,False,False
190,frame_0026.jpg,10.4,0.5805,0.8749,0.45,0.04,25,9,False,False
191,frame_0305.jpg,122.0,0.5789,0.8957,0.25,0.28,18,5,False,False
192,frame_0321.jpg,128.4,0.5788,0.8376,0.4,0.2,32,8,False,False
193,frame_0028.jpg,11.2,0.5761,0.8642,0.4,0.12,18,8,False,False
194,frame_0315.jpg,126.0,0.576,0.804,0.5,0.12,29,10,False,False
195,frame_0191.jpg,76.4,0.5756,0.7272,0.6,0.16,24,12,False,False
196,frame_0072.jpg,28.8,0.5739,0.8318,0.5,0.04,23,10,False,False
197,frame_0399.jpg,159.6,0.5734,0.7648,0.45,0.28,23,9,False,False
198,frame_0214.jpg,85.6,0.5716,0.8532,0.35,0.2,16,7,False,False
199,frame_0224.jpg,89.6,0.5696,0.8812,0.35,0.12,23,7,False,False
200,frame_0309.jpg,123.6,0.5693,0.8506,0.4,0.12,23,8,False,False
201,frame_0205.jpg,82.0,0.5683,0.8325,0.4,0.16,16,8,False,False
202,frame_0202.jpg,80.8,0.5664,0.7508,0.45,0.28,17,9,False,False
203,frame_0003.jpg,1.2,0.5644,0.8107,0.45,0.12,18,9,False,False
204,frame_0207.jpg,82.8,0.5618,0.8517,0.4,0.08,15,8,False,False
205,frame_0317.jpg,126.8,0.5612,0.7424,0.5,0.2,28,10,False,False
206,frame_0001.jpg,0.4,0.5594,0.8028,0.5,0.04,20,10,False,False
207,frame_0386.jpg,154.4,0.5584,0.6907,0.55,0.24,32,11,False,False
208,frame_0277.jpg,110.8,0.5577,0.8295,0.45,0.04,21,9,False,False
209,frame_0106.jpg,42.4,0.5571,0.7982,0.5,0.04,28,10,False,False
210,frame_0012.jpg,4.8,0.5567,0.7913,0.35,0.28,15,7,False,False
211,frame_0108.jpg,43.2,0.554,0.822,0.45,0.04,26,9,False,False
212,frame_0290.jpg,116.0,0.5535,0.821,0.45,0.04,17,9,False,False
213,frame_0022.jpg,8.8,0.5529,0.8777,0.3,0.12,17,6,False,False
214,frame_0074.jpg,29.6,0.5508,0.8455,0.4,0.04,20,8,False,False
215,frame_0195.jpg,78.0,0.5497,0.7614,0.35,0.32,18,7,False,False
216,frame_0024.jpg,9.6,0.5489,0.8718,0.35,0.04,19,7,False,False
217,frame_0203.jpg,81.2,0.5485,0.731,0.45,0.24,17,9,False,False
218,frame_0196.jpg,78.4,0.5478,0.7716,0.3,0.36,15,6,False,False
219,frame_0316.jpg,126.4,0.5412,0.7483,0.45,0.16,27,9,False,False
220,frame_0279.jpg,111.6,0.5407,0.7934,0.4,0.12,22,8,False,False
221,frame_0208.jpg,83.2,0.5406,0.8853,0.3,0.04,17,6,False,False
222,frame_0188.jpg,75.2,0.5403,0.8245,0.4,0.04,29,8,False,False
223,frame_0021.jpg,8.4,0.5389,0.8658,0.3,0.08,14,6,False,False
224,frame_0192.jpg,76.8,0.5368,0.7536,0.4,0.2,18,8,False,False
225,frame_0322.jpg,128.8,0.5364,0.8288,0.3,0.16,27,6,False,False
226,frame_0285.jpg,114.0,0.5287,0.7714,0.45,0.04,18,9,False,False
227,frame_0292.jpg,116.8,0.5274,0.8588,0.3,0.04,19,6,False,False
228,frame_0184.jpg,73.6,0.5243,0.6566,0.6,0.08,26,12,False,False
229,frame_0288.jpg,115.2,0.5214,0.7248,0.45,0.12,18,9,False,False
230,frame_0018.jpg,7.2,0.5194,0.8429,0.3,0.04,16,6,False,False
231,frame_0211.jpg,84.4,0.5184,0.7347,0.45,0.08,14,9,False,False
232,frame_0017.jpg,6.8,0.514,0.846,0.25,0.08,19,5,False,False
233,frame_0002.jpg,0.8,0.5139,0.8157,0.3,0.08,18,6,False,False
234,frame_0286.jpg,114.4,0.5059,0.8297,0.25,0.08,18,5,False,False
235,frame_0197.jpg,78.8,0.5024,0.6648,0.3,0.4,15,6,False,False
236,frame_0020.jpg,8.0,0.502,0.8379,0.25,0.04,13,5,False,False
237,frame_0023.jpg,9.2,0.5017,0.7615,0.35,0.08,17,7,False,False
238,frame_0193.jpg,77.2,0.5005,0.665,0.4,0.24,20,8,False,False
239,frame_0200.jpg,80.0,0.4981,0.7022,0.25,0.36,14,5,False,False
240,frame_0210.jpg,84.0,0.494,0.792,0.3,0.04,15,6,False,False
241,frame_0199.jpg,79.6,0.4923,0.6445,0.3,0.4,14,6,False,False
242,frame_0015.jpg,6.0,0.4816,0.6892,0.35,0.16,14,7,False,False
243,frame_0201.jpg,80.4,0.4793,0.7105,0.2,0.32,15,4,False,False
244,frame_0014.jpg,5.6,0.4743,0.7186,0.25,0.2,14,5,False,False
